{
    "accuracy": 0.7207792207792207,
    "precision": 0.6071428571428571,
    "recall": 0.6181818181818182,
    "f1_score": 0.6126126126126126
}